研报名称,机构名称,发布时间,行业,研报地址
关注券商并购重组主线，行业迎来估值业绩双修复,中航证券,2026-02-24,证券Ⅱ,https://pdf.dfcfw.com/pdf/H3_AP202602241819990478_1.pdf?1771930529000.pdf
非银金融行业周报（2026年第六期）：关注券商并购重组主线，行业迎来估值业绩双修复,中航证券,2026-02-24,证券Ⅱ,https://pdf.dfcfw.com/pdf/H3_AP202602241819990819_1.pdf?1771933341000.pdf
非银金融行业研究：再融资规则优化，25年险资股票+基金+长股投增长近2万亿,国金证券,2026-02-24,证券Ⅱ,https://pdf.dfcfw.com/pdf/H3_AP202602241819989786_1.pdf?1771925272000.pdf
证券行业报告：资本补充重启与基本面强化或驱动券商稳健复苏,中邮证券,2026-02-24,证券Ⅱ,https://pdf.dfcfw.com/pdf/H3_AP202602241819993034_1.pdf?1771948032000.pdf
非银金融行业跟踪周报：保险行业总资产突破41万亿；券商再融资持续推进,东吴证券,2026-02-23,证券Ⅱ,https://pdf.dfcfw.com/pdf/H3_AP202602231819983696_1.pdf?1771876602000.pdf
非银行金融行业研究：三大交易所对再融资规则优化，25年险资股票+基金+长股投增长近2万亿,国金证券,2026-02-23,证券Ⅱ,https://pdf.dfcfw.com/pdf/H3_AP202602231819984068_1.pdf?1771880058000.pdf
非银金融行业周报：居民存款迁移，驱动非银板块马年机会,开源证券,2026-02-23,证券Ⅱ,https://pdf.dfcfw.com/pdf/H3_AP202602231819984098_1.pdf?1771880365000.pdf
非银金融行业双周报：交易所推出再融资一揽子措施,华源证券,2026-02-22,证券Ⅱ,https://pdf.dfcfw.com/pdf/H3_AP202602221819978550_1.pdf?1771799743000.pdf
非银金融行业点评报告：西南证券拟定增60亿元，券商定增或全面放开,东吴证券,2026-02-14,证券Ⅱ,https://pdf.dfcfw.com/pdf/H3_AP202602141819935445_1.pdf?1771081027000.pdf
非银金融行业点评报告：天风证券处罚靴子落地，轻装上阵有望更好的规范化经营,东吴证券,2026-02-14,证券Ⅱ,https://pdf.dfcfw.com/pdf/H3_AP202602141819935092_1.pdf?1771074528000.pdf
